title,address
180,Epic Roasthouse (399 Embarcadero)
180,Mason & California Streets (Nob Hill)
180,Justin Herman Plaza
180,200 block Market Street
180,City Hall
180,Polk & Larkin Streets
180,Randall Museum
180,555 Market St.
24 Hours on Craigslist,
40 Days and 40 Nights,"The Walden House, Buena Vista Park"
40 Days and 40 Nights,Caf_ Trieste (609 Vallejo)
48 Hours,
50 First Dates,Rainforest Caf_ (145 Jefferson Street)
A Jitney Elopement,20th and Folsom Streets
A Jitney Elopement,Golden Gate Park
A Night Full of Rain,Embarcadero Freeway
A Night Full of Rain,"Fairmont Hotel (950 Mason Street, Nob Hill)"
A Night Full of Rain,San Francisco Chronicle (901 Mission Street at 15th Street)
A Night Full of Rain,Broadway (North Beach)
A Smile Like Yours,75 California Street
A Smile Like Yours ,Grace Cathedral Episcopal Church (1100 California Street)
A Smile Like Yours ,Hills Brothers Plaza (Embarcadero at Harrison Street)
A Smile Like Yours ,San Francisco International Airport
A View to a Kill,City Hall
A View to a Kill,Port of San Francisco 